name,output,flag,username,timestamp
hello,Hello hello!,,,2023-06-02 00:06:13.509117
,,,,2023-06-02 00:06:43.257213
,,,,2023-06-02 00:06:50.298024
hello,,,,2023-06-02 00:10:16.091325
hello,,,,2023-06-02 00:10:21.690212
"Qualifications:
• No experience, Willing to train
• Ability to work within established turn-around times
• Must have exceptional social skills and the ability to organize simultaneous tasks
• Ability to translate and apply company policies and procedures
• Excellent verbal and written communication skills
• Ability to work both individually and within a team environment
• Ability to stay organized, give attention to information, follow instructions and multi-task in a professional and effective way",5,,,,,2023-06-02 00:21:06.863697
ddddd,{'ddddd': 1},,,2023-06-02 00:29:40.215559
